dataset,model,test_acc_mean,test_acc_std,val_acc_mean,train_acc_mean,time_per_epoch_mean,inference_time_mean,best_epoch_mean,n_seeds
citeseer,UniGATConv,0.6660000085830688,0.010173495818376522,0.679200005531311,0.9449999928474426,0.9140597878261281,0.20579652085597627,6.4,5
citeseer,UniGCNConv,0.668999993801117,0.0171026281353351,0.6880000114440918,0.925,0.3723687864639115,0.10977153685386291,5.2,5
citeseer,UniGINConv,0.5680000066757203,0.030207632988461977,0.5888000011444092,0.9066666603088379,2.23669481782557,0.9451960330479778,50.0,5
