{
  "n_candidates": 120516,
  "n_positives": 32000,
  "n_negatives": 88516,
  "n_motif_finite": 97127,
  "n_pando_finite": 118140,
  "f1_pando_only": 0.39612500000000006,
  "p_pando": 0.396125,
  "r_pando": 0.396125,
  "f1_motif_only": 0.26984375,
  "p_motif": 0.26984375,
  "r_motif": 0.26984375,
  "alpha_grid": [
    0.0,
    0.1,
    0.2,
    0.3,
    0.4,
    0.5,
    0.6,
    0.7,
    0.8,
    0.9,
    1.0
  ],
  "f1_combined": [
    0.39612500000000006,
    0.39612500000000006,
    0.39612500000000006,
    0.39612500000000006,
    0.39612500000000006,
    0.39612500000000006,
    0.39612500000000006,
    0.39612500000000006,
    0.39612500000000006,
    0.39612500000000006,
    0.2891875
  ],
  "best_alpha": 0.0,
  "best_f1_combined": 0.39612500000000006,
  "delta_vs_pando": 0.0,
  "verdict": "NEUTRAL \u2014 no meaningful gain or loss from blending motif"
}