{
  "config": {
    "n_tfs": 30,
    "n_genes": 300,
    "edges_per_tf": 15,
    "n_cells": 80,
    "noise": 3.0,
    "fpr": 0.05,
    "fnr": 0.4,
    "model": "motif",
    "seed": 0
  },
  "f1_pando_only_raw": 0.5844444444444444,
  "f1_pando_only_standardised": 0.6066666666666667,
  "f1_seq_only": 0.47333333333333333,
  "alpha_grid": [
    0.0,
    0.1,
    0.2,
    0.30000000000000004,
    0.4,
    0.5,
    0.6000000000000001,
    0.7000000000000001,
    0.8,
    0.9,
    1.0
  ],
  "f1_combined": [
    0.6066666841506958,
    0.6555555462837219,
    0.6888889074325562,
    0.7155555486679077,
    0.7111111283302307,
    0.6622222065925598,
    0.6155555844306946,
    0.5911111235618591,
    0.5688889026641846,
    0.5133333206176758,
    0.47333332896232605
  ],
  "best_alpha": 0.30000000000000004,
  "best_f1": 0.7155555486679077,
  "lift_over_pando": 0.10888886451721191
}