{
  "final_loss": 0.2912702262401581,
  "training_time": 52.44712781906128,
  "epochs": 200
}