{
  "mode": "real",
  "h5ad": "data/pollen/screen_annotated.h5ad",
  "cache_dir": "/tmp/measured",
  "perturb_cache": "/tmp/measured/screen_annotated_measured_perturb.npy",
  "perturb_source": "measured",
  "tfs": "/tmp/tf_names_tfs.txt",
  "n_tfs_in_cache": 44,
  "n_tfs_compared": 44,
  "tfs_compared": [
    "ARX",
    "ASCL1",
    "ATF7",
    "BHLHE22",
    "CTCF",
    "DEAF1",
    "E2F1",
    "EMX1",
    "FOS",
    "JUN",
    "KAT7",
    "KLF10",
    "KLF11",
    "KLF3",
    "MEF2C",
    "MEIS2",
    "NEUROD2",
    "NEUROD6",
    "NFIA",
    "NFIB",
    "NR2E1",
    "NR4A2",
    "PHF21A",
    "POU2F1",
    "POU3F1",
    "POU3F2",
    "RFX2",
    "SATB2",
    "SOX2",
    "SOX5",
    "SOX6",
    "SOX9",
    "TBR1",
    "TCF12",
    "TCF3",
    "TCF7L1",
    "TFAP2C",
    "VEZF1",
    "ZBTB18",
    "ZBTB20",
    "ZNF148",
    "ZNF219",
    "ZNF281",
    "ZNF441"
  ],
  "spearman_jac_vs_scgpt": 0.023537702607470012,
  "top10_overlap_jaccard": 0.1111111111111111,
  "top20_overlap_jaccard": 0.25,
  "eig_top_5_tfs": [
    "EMX1",
    "NR4A2",
    "PHF21A",
    "TCF12",
    "SOX6"
  ],
  "eig_top_10_tfs": [
    "EMX1",
    "NR4A2",
    "PHF21A",
    "TCF12",
    "SOX6",
    "TFAP2C",
    "TCF7L1",
    "SOX2",
    "NFIB",
    "SOX9"
  ],
  "jac_importance_by_tf": {
    "ARX": 17.210145950317383,
    "ASCL1": 12.37818431854248,
    "ATF7": 10.305204391479492,
    "BHLHE22": 11.71591854095459,
    "CTCF": 8.7398042678833,
    "DEAF1": 14.73584270477295,
    "E2F1": 29.714088439941406,
    "EMX1": 23.68110466003418,
    "FOS": 14.903164863586426,
    "JUN": 19.019756317138672,
    "KAT7": 9.252507209777832,
    "KLF10": 14.33492660522461,
    "KLF11": 18.940649032592773,
    "KLF3": 15.791703224182129,
    "MEF2C": 5.03286600112915,
    "MEIS2": 2.854118585586548,
    "NEUROD2": 7.908839702606201,
    "NEUROD6": 7.186046123504639,
    "NFIA": 1.6753430366516113,
    "NFIB": 2.6167831420898438,
    "NR2E1": 37.70916748046875,
    "NR4A2": 19.850093841552734,
    "PHF21A": 5.631285190582275,
    "POU2F1": 5.196287631988525,
    "POU3F1": 17.74030303955078,
    "POU3F2": 9.422300338745117,
    "RFX2": 13.38781452178955,
    "SATB2": 3.4851067066192627,
    "SOX2": 8.162857055664062,
    "SOX5": 1.5789659023284912,
    "SOX6": 1.820816993713379,
    "SOX9": 7.075685977935791,
    "TBR1": 17.72407341003418,
    "TCF12": 4.901206016540527,
    "TCF3": 12.722101211547852,
    "TCF7L1": 12.786653518676758,
    "TFAP2C": 29.1832332611084,
    "VEZF1": 6.93613862991333,
    "ZBTB18": 6.132697582244873,
    "ZBTB20": 4.728466987609863,
    "ZNF148": 7.592901706695557,
    "ZNF219": 11.455981254577637,
    "ZNF281": 10.51611614227295,
    "ZNF441": 21.141456604003906
  },
  "scgpt_importance_by_tf": {
    "ARX": 46.24388122558594,
    "ASCL1": 24.418434143066406,
    "ATF7": 18.03516960144043,
    "BHLHE22": 13.159713745117188,
    "CTCF": 23.288978576660156,
    "DEAF1": 22.11214828491211,
    "E2F1": 18.391740798950195,
    "EMX1": 9.293835639953613,
    "FOS": 18.931682586669922,
    "JUN": 20.03277015686035,
    "KAT7": 35.556453704833984,
    "KLF10": 20.387704849243164,
    "KLF11": 19.18349838256836,
    "KLF3": 15.001256942749023,
    "MEF2C": 12.963147163391113,
    "MEIS2": 20.609668731689453,
    "NEUROD2": 26.19969940185547,
    "NEUROD6": 13.151674270629883,
    "NFIA": 16.49949836730957,
    "NFIB": 21.21215057373047,
    "NR2E1": 39.058143615722656,
    "NR4A2": 11.197916030883789,
    "PHF21A": 48.505062103271484,
    "POU2F1": 17.080839157104492,
    "POU3F1": 32.98696517944336,
    "POU3F2": 16.754610061645508,
    "RFX2": 17.040802001953125,
    "SATB2": 12.314982414245605,
    "SOX2": 42.604957580566406,
    "SOX5": 15.184066772460938,
    "SOX6": 24.93575668334961,
    "SOX9": 33.184654235839844,
    "TBR1": 17.40614128112793,
    "TCF12": 39.8558349609375,
    "TCF3": 24.850053787231445,
    "TCF7L1": 10.952433586120605,
    "TFAP2C": 16.097078323364258,
    "VEZF1": 17.583175659179688,
    "ZBTB18": 14.513128280639648,
    "ZBTB20": 10.315775871276855,
    "ZNF148": 19.576873779296875,
    "ZNF219": 33.4432373046875,
    "ZNF281": 20.70628547668457,
    "ZNF441": 22.8426456451416
  },
  "note": "Real-mode on screen_annotated.h5ad (44/44 TFs survived intersection with adata.var.index). Perturb signal from 'measured' (screen_annotated_measured_perturb.npy). The EIG-rank top-5/10 are the wet-lab BO loop's next-query candidates (per docs/wetlab-program.md). Anchor: stub-mode realistic-regime \u03c1 \u2248 0.56 (see ablate_perturb_eig.py)."
}