{
  "park_maturity_shift": 0.06037326970801182,
  "park_p": 2.6480279274421674e-11,
  "favuzzi_n_cells": 29378,
  "popova_n_samples": 24
}