{
  "Pollen 2D": {
    "name": "Pollen 2D",
    "n_shared_tfs": 34,
    "n_shared_genes": 2739,
    "mean_jaccard": 0.06635624400895836,
    "n_sig": 17,
    "n_bonf": 8,
    "mean_dir": 0.9154665904458528
  },
  "Pollen Slice": {
    "name": "Pollen Slice",
    "n_shared_tfs": 4,
    "n_shared_genes": 2739,
    "mean_jaccard": 0.09364160711436584,
    "n_sig": 3,
    "n_bonf": 3,
    "mean_dir": 0.7987237441885118
  },
  "Pollen IN": {
    "name": "Pollen IN",
    "n_shared_tfs": 4,
    "n_shared_genes": 2739,
    "mean_jaccard": 0.08870301884708055,
    "n_sig": 3,
    "n_bonf": 2,
    "mean_dir": 0.670103692500109
  }
}