{
  "n_shared": 11068,
  "scores": [
    [
      5.728357812300641,
      -5.648679438736328
    ],
    [
      NaN,
      NaN
    ],
    [
      19713.84603047587,
      21181.27432594843
    ],
    [
      20122.568168801936,
      22171.424938242635
    ],
    [
      20118.724596961234,
      21680.219167476193
    ],
    [
      18688.06793445915,
      19768.73773148811
    ],
    [
      19127.81421971492,
      20096.235678221787
    ],
    [
      19076.777038550572,
      19901.22731081299
    ],
    [
      19985.04626541295,
      21677.639477222365
    ],
    [
      18964.21973090818,
      19922.066906840868
    ]
  ]
}