{
  "topology_test": {
    "Pollen DE (own GRN)": {
      "r_all": 0.3638850599527359,
      "r_100": NaN,
      "r_20": NaN
    },
    "Fleck Pando (organoid)": {
      "r_all": 0.1484648184850812,
      "r_100": 0.0032892683520913124,
      "r_20": -0.035344762494787574
    },
    "Random (null)": {
      "r_all": -0.010920764412730932,
      "r_100": -0.03653634758666158,
      "r_20": -0.004097125492990017
    },
    "Identity (no GRN)": {
      "r_all": 0.3628094531595707,
      "r_100": 0.22313793748617172,
      "r_20": 0.12768099270761013
    }
  },
  "regulon_comparison": {
    "mean_jaccard": 0.06635624400895836,
    "n_sig_fisher": 17,
    "n_sig_bonferroni": 8,
    "mean_direction_concordance": 0.9154665904458528
  },
  "domain_adaptation": {
    "pollen_only_mean_r": 0.3638850599527359,
    "augmented_mean_r": 0.3638791963458061
  }
}